"show_id","id","name","popularity","profile_path","roles","episode_count","image_url"
72844,9976,"Henry Thomas",12.475,"/l5OZ4qrrRGnEPeNhZ8PcL5vhwOI.jpg","Young Hugh Crain",10,"https://www.themoviedb.org/t/p/w600_and_h600_bestv2/l5OZ4qrrRGnEPeNhZ8PcL5vhwOI.jpg"
72844,16327,"Timothy Hutton",10.341,"/oWVtWGEauBs0zXrk0cWqiqYxJtN.jpg","Hugh Crain",10,"https://www.themoviedb.org/t/p/w600_and_h600_bestv2/oWVtWGEauBs0zXrk0cWqiqYxJtN.jpg"
72844,17832,"Carla Gugino",93.492,"/7lSH5LOexOHwvt9lOTsLTbXdU1G.jpg","Olivia Crain",10,"https://www.themoviedb.org/t/p/w600_and_h600_bestv2/7lSH5LOexOHwvt9lOTsLTbXdU1G.jpg"
72844,49425,"Annabeth Gish",13.144,"/wfUaE95xUJ3Kh5okDpUMZNmbcom.jpg","Mrs. Dudley",6,"https://www.themoviedb.org/t/p/w600_and_h600_bestv2/wfUaE95xUJ3Kh5okDpUMZNmbcom.jpg"
72844,53755,"Elizabeth Reaser",8.266,"/tx2shpuofbAmmIoUXpXxqQ9exZM.jpg","Shirley Crain",10,"https://www.themoviedb.org/t/p/w600_and_h600_bestv2/tx2shpuofbAmmIoUXpXxqQ9exZM.jpg"
72844,91520,"Michiel Huisman",11.624,"/pCxnCahwncPtWZw61Sy5qFgSkJ2.jpg","Steven Crain",10,"https://www.themoviedb.org/t/p/w600_and_h600_bestv2/pCxnCahwncPtWZw61Sy5qFgSkJ2.jpg"
72844,98050,"James Lafferty",3.437,"/lvUyG8wwYPUl8x5byd1g5Y2A0ia.jpg","Ryan",4,"https://www.themoviedb.org/t/p/w600_and_h600_bestv2/lvUyG8wwYPUl8x5byd1g5Y2A0ia.jpg"
72844,170360,"Craig Welzbacher",0.7,"/bdlkDSCfMLP93s5PxpM0IVz3DCr.jpg","Rick",1,"https://www.themoviedb.org/t/p/w600_and_h600_bestv2/bdlkDSCfMLP93s5PxpM0IVz3DCr.jpg"
72844,171754,"Saidah Arrika Ekulona",3.622,"/7HCsoIKnyZXRbPzYEzqd1WQyBBa.jpg","Mrs. Walker",1,"https://www.themoviedb.org/t/p/w600_and_h600_bestv2/7HCsoIKnyZXRbPzYEzqd1WQyBBa.jpg"
72844,223019,"Carrie Walrond Hood",1.62,"/raRVWTa8KzBSzYjfAn1GmmWEcAU.jpg","Fertility Doctor",1,"https://www.themoviedb.org/t/p/w600_and_h600_bestv2/raRVWTa8KzBSzYjfAn1GmmWEcAU.jpg"
72844,232749,"Nelson Bonilla",3.059,"/cLD3PPFRxqOx2r5PqFk3I4Dpj5q.jpg","Gordon",1,"https://www.themoviedb.org/t/p/w600_and_h600_bestv2/cLD3PPFRxqOx2r5PqFk3I4Dpj5q.jpg"
72844,551020,"Oliver Jackson-Cohen",12.192,"/wPlFmRs1sJI4RDkOeWR9u84MKEH.jpg","Luke Crain",10,"https://www.themoviedb.org/t/p/w600_and_h600_bestv2/wPlFmRs1sJI4RDkOeWR9u84MKEH.jpg"
72844,551462,"Katie Parker",81.879,"/m8gOp8W6mRBEZJPwVULlRXlBPGQ.jpg","Poppy",4,"https://www.themoviedb.org/t/p/w600_and_h600_bestv2/m8gOp8W6mRBEZJPwVULlRXlBPGQ.jpg"
72844,932076,"Kate Siegel",48.668,"/jJJGmVKvMFHMJEwyfiHgxXEFePO.jpg","Theodora Crain",10,"https://www.themoviedb.org/t/p/w600_and_h600_bestv2/jJJGmVKvMFHMJEwyfiHgxXEFePO.jpg"
72844,963547,"Anna Enger Ritch",6.112,"/aj44r0OabDGGXkr78Lag6lJgeIO.jpg","Joey",2,"https://www.themoviedb.org/t/p/w600_and_h600_bestv2/aj44r0OabDGGXkr78Lag6lJgeIO.jpg"
72844,1137729,"Arianne Martin",1.22,"/2bNBZayODycSZxjKu8IdFNlpJzk.jpg","Max's Mother",2,"https://www.themoviedb.org/t/p/w600_and_h600_bestv2/2bNBZayODycSZxjKu8IdFNlpJzk.jpg"
72844,1152023,"Christine Horn",2.619,"/pjLRUglYTx9yVQ9gHSWbN8ET7to.jpg","Eileen",1,"https://www.themoviedb.org/t/p/w600_and_h600_bestv2/pjLRUglYTx9yVQ9gHSWbN8ET7to.jpg"
72844,1172108,"Mckenna Grace",38.624,"/jQLBM6ErQnvU8QqNvW8KKF9y8N0.jpg","Young Theodora",10,"https://www.themoviedb.org/t/p/w600_and_h600_bestv2/jQLBM6ErQnvU8QqNvW8KKF9y8N0.jpg"
72844,1278911,"Keith Arthur Bolden",2.877,"/3pPWleVA9v9B3jOgpa6kJRCWwt0.jpg","Sheriff Beckley",1,"https://www.themoviedb.org/t/p/w600_and_h600_bestv2/3pPWleVA9v9B3jOgpa6kJRCWwt0.jpg"
72844,1362742,"J.P. Valenti",0.706,"/v7HZOav3N1FMZTfU2jFaU9dRIyp.jpg","Fan #1",1,"https://www.themoviedb.org/t/p/w600_and_h600_bestv2/v7HZOav3N1FMZTfU2jFaU9dRIyp.jpg"
72844,1367298,"Amber Chaney",1.4,NA,"Addict 3",1,"https://www.themoviedb.org/t/p/w600_and_h600_bestv2NA"
72844,1578220,"Levy Tran",35.939,"/ungYHOdC0DETelUD8I6FR1bFdn.jpg","Trish Park",4,"https://www.themoviedb.org/t/p/w600_and_h600_bestv2/ungYHOdC0DETelUD8I6FR1bFdn.jpg"
72844,1648705,"Katie Carpenter",0.63,"/xcyq0uy7iu912QuzTygZgSxRvw7.jpg","Stacey",2,"https://www.themoviedb.org/t/p/w600_and_h600_bestv2/xcyq0uy7iu912QuzTygZgSxRvw7.jpg"
72844,1704672,"David Shae",1.4,"/tBfDhXA1KlmdgVtuAgKX6C8QJWz.jpg","Max's Father",2,"https://www.themoviedb.org/t/p/w600_and_h600_bestv2/tBfDhXA1KlmdgVtuAgKX6C8QJWz.jpg"
72844,1829735,"Mimi Gould",1.012,"/bKDMRqW9A4SaOMeWKtACvwuFEIU.jpg","Older Hazel",3,"https://www.themoviedb.org/t/p/w600_and_h600_bestv2/bKDMRqW9A4SaOMeWKtACvwuFEIU.jpg"
72844,1853396,"Selena Anduze",2.644,"/15m6yIUm9NxFIwkVLR92Thri7nf.jpg","Paige",1,"https://www.themoviedb.org/t/p/w600_and_h600_bestv2/15m6yIUm9NxFIwkVLR92Thri7nf.jpg"
72844,1883866,"Lulu Wilson",17.747,"/fJGCTvZipct4Jp8rlMu8g5Wij2S.jpg","Young Shirley",10,"https://www.themoviedb.org/t/p/w600_and_h600_bestv2/fJGCTvZipct4Jp8rlMu8g5Wij2S.jpg"
72844,1905181,"Tenaya Cleveland",0.6,"/3u6933PJVf4HAFtMaGbuRbse714.jpg","Rehab Coordinator",1,"https://www.themoviedb.org/t/p/w600_and_h600_bestv2/3u6933PJVf4HAFtMaGbuRbse714.jpg"
72844,1910482,"Jamie Flanagan",1.315,NA,"Funeral Director",2,"https://www.themoviedb.org/t/p/w600_and_h600_bestv2NA"
72844,1939684,"Fedor Steer",1.548,"/yLWpuAgEmitslvQLm9h8tyB8KnK.jpg","William",4,"https://www.themoviedb.org/t/p/w600_and_h600_bestv2/yLWpuAgEmitslvQLm9h8tyB8KnK.jpg"
72844,1946202,"Trace Masters",1.115,"/c3irtcqchRedhxFE23SSwkRq06j.jpg","Max",2,"https://www.themoviedb.org/t/p/w600_and_h600_bestv2/c3irtcqchRedhxFE23SSwkRq06j.jpg"
72844,1968774,"Logan Medina",2.65,"/4anbYUh35G8464ScgwO7j4Z4m4c.jpg","Jayden Harris",4,"https://www.themoviedb.org/t/p/w600_and_h600_bestv2/4anbYUh35G8464ScgwO7j4Z4m4c.jpg"
72844,2047847,"Julian Hilliard",22.217,"/umnRZFm9pQ9xB53PQwUPFOVul4j.jpg","Young Luke",10,"https://www.themoviedb.org/t/p/w600_and_h600_bestv2/umnRZFm9pQ9xB53PQwUPFOVul4j.jpg"
72844,2068480,"Polly Craig",0.642,"/ov4zpaGOXhcyeZUdCCwJkdX0lC5.jpg","Older Poppy",1,"https://www.themoviedb.org/t/p/w600_and_h600_bestv2/ov4zpaGOXhcyeZUdCCwJkdX0lC5.jpg"
72844,2068598,"Kurt Yue",1.342,"/kPy0d5uUNiJJB18T55IdE01Ruru.jpg","Attorney",1,"https://www.themoviedb.org/t/p/w600_and_h600_bestv2/kPy0d5uUNiJJB18T55IdE01Ruru.jpg"
72844,2117434,"Victoria Pedretti",22.473,"/dSrIMNn803L8fqqWjkCSRv4iOu1.jpg","Nell Crain",10,"https://www.themoviedb.org/t/p/w600_and_h600_bestv2/dSrIMNn803L8fqqWjkCSRv4iOu1.jpg"
72844,2131391,"Violet McGraw",19.791,"/mAhZNh3iEn0sjbnuWSeHnlWw2yA.jpg","Young Nell",10,"https://www.themoviedb.org/t/p/w600_and_h600_bestv2/mAhZNh3iEn0sjbnuWSeHnlWw2yA.jpg"
72844,2142576,"Paxton Singleton",11.081,"/n8A2BJwHBdvytrPdtSn45Kvd6qU.jpg","Young Steven",10,"https://www.themoviedb.org/t/p/w600_and_h600_bestv2/n8A2BJwHBdvytrPdtSn45Kvd6qU.jpg"
72844,2145383,"Justin James Boykin",0.6,"/uKduJ7UggxShJSu9nsIxd4gxbC8.jpg","Bartender",1,"https://www.themoviedb.org/t/p/w600_and_h600_bestv2/uKduJ7UggxShJSu9nsIxd4gxbC8.jpg"
72844,2145598,"Jordane Christie",1.013,"/earVBLt8bUaPFfACht6UZazkeAy.jpg","Arthur",3,"https://www.themoviedb.org/t/p/w600_and_h600_bestv2/earVBLt8bUaPFfACht6UZazkeAy.jpg"
72844,2145647,"Tiffany Denise Hobbs",1.4,"/1McX5l3Z51nWE4pwzjEpRCGSl8q.jpg","NA Chip Person",1,"https://www.themoviedb.org/t/p/w600_and_h600_bestv2/1McX5l3Z51nWE4pwzjEpRCGSl8q.jpg"
72844,2149561,"May Badr",0.6,"/7MYu9mKnLhiGhxToMgah6zBVlDG.jpg","Allie Harris",4,"https://www.themoviedb.org/t/p/w600_and_h600_bestv2/7MYu9mKnLhiGhxToMgah6zBVlDG.jpg"
72844,2149566,"Brittany Godfrey",0.6,NA,"Andi",3,"https://www.themoviedb.org/t/p/w600_and_h600_bestv2NA"
72844,2149572,"Charli Slaughter",2.562,"/cDC3a63rLQaKAdlfHHtkUm4EV5m.jpg","Kelsey",1,"https://www.themoviedb.org/t/p/w600_and_h600_bestv2/cDC3a63rLQaKAdlfHHtkUm4EV5m.jpg"
72844,2149576,"Wes Jetton",1.61,"/dWFKapIUgIt8tDBGjSShRWZR0iO.jpg","Addict 1",1,"https://www.themoviedb.org/t/p/w600_and_h600_bestv2/dWFKapIUgIt8tDBGjSShRWZR0iO.jpg"
72844,2149577,"Dominick Racano",0.6,"/5yy1npgWLtROFoOvJFDxFzAZ8GZ.jpg","Addict 2",1,"https://www.themoviedb.org/t/p/w600_and_h600_bestv2/5yy1npgWLtROFoOvJFDxFzAZ8GZ.jpg"
97400,9976,"Henry Thomas",12.475,"/l5OZ4qrrRGnEPeNhZ8PcL5vhwOI.jpg","Ed Flynn",7,"https://www.themoviedb.org/t/p/w600_and_h600_bestv2/l5OZ4qrrRGnEPeNhZ8PcL5vhwOI.jpg"
97400,49425,"Annabeth Gish",13.144,"/wfUaE95xUJ3Kh5okDpUMZNmbcom.jpg","Dr. Sarah Gunning",7,"https://www.themoviedb.org/t/p/w600_and_h600_bestv2/wfUaE95xUJ3Kh5okDpUMZNmbcom.jpg"
97400,70303,"Zach Gilford",22.676,"/z7PA2poYtjl9KSy4S0IgW6d5Y9.jpg","Riley Flynn",7,"https://www.themoviedb.org/t/p/w600_and_h600_bestv2/z7PA2poYtjl9KSy4S0IgW6d5Y9.jpg"
97400,79416,"Robert Longstreet",24.777,"/j9e2HBqicMM59lErK8pL94Jh59v.jpg","Joe Collie",7,"https://www.themoviedb.org/t/p/w600_and_h600_bestv2/j9e2HBqicMM59lErK8pL94Jh59v.jpg"
97400,83456,"Michael Trucco",15.638,"/qOA3cT2Gsmm9M6URoU4Ykynx2Oc.jpg","Wade Scarborough",7,"https://www.themoviedb.org/t/p/w600_and_h600_bestv2/qOA3cT2Gsmm9M6URoU4Ykynx2Oc.jpg"
97400,148112,"Kristin Lehman",4.75,"/solF0MIx48QCtiLeBistP0fpd66.jpg","Annie Flynn",7,"https://www.themoviedb.org/t/p/w600_and_h600_bestv2/solF0MIx48QCtiLeBistP0fpd66.jpg"
97400,184581,"Hamish Linklater",10.077,"/eCFhrVVPw17SdqfhyRFZfflQCGE.jpg","Father Paul Hill",7,"https://www.themoviedb.org/t/p/w600_and_h600_bestv2/eCFhrVVPw17SdqfhyRFZfflQCGE.jpg"
97400,206661,"Crystal Balint",13.83,"/d0PaNl5h9PNmRu5vxEdJgRHG7lW.jpg","Dolly Scarborough",7,"https://www.themoviedb.org/t/p/w600_and_h600_bestv2/d0PaNl5h9PNmRu5vxEdJgRHG7lW.jpg"
97400,210454,"Alex Essoe",13.668,"/8J7iwekeItLdUWvePkZe3gu9Qrp.jpg","Mildred Gunning",7,"https://www.themoviedb.org/t/p/w600_and_h600_bestv2/8J7iwekeItLdUWvePkZe3gu9Qrp.jpg"
97400,551463,"Mike Flanagan",15.792,"/85q5HSDoltjvg1ES0eToNlLjfPB.jpg","Young Priest",1,"https://www.themoviedb.org/t/p/w600_and_h600_bestv2/85q5HSDoltjvg1ES0eToNlLjfPB.jpg"
97400,588335,"Matt Biedel",27.846,"/zqImcbbJZOICD1CyfOstFzRofYH.jpg","Sturge",7,"https://www.themoviedb.org/t/p/w600_and_h600_bestv2/zqImcbbJZOICD1CyfOstFzRofYH.jpg"
97400,932076,"Kate Siegel",48.668,"/jJJGmVKvMFHMJEwyfiHgxXEFePO.jpg","Erin Greene",7,"https://www.themoviedb.org/t/p/w600_and_h600_bestv2/jJJGmVKvMFHMJEwyfiHgxXEFePO.jpg"
97400,1331981,"Samantha Sloyan",17.007,"/prhRQ3npp7OwssXhxNUw0RTFjFw.jpg","Bev Keane",7,"https://www.themoviedb.org/t/p/w600_and_h600_bestv2/prhRQ3npp7OwssXhxNUw0RTFjFw.jpg"
97400,1416505,"Rahul Kohli",7.651,"/9wTBpyPhyDRUfgR1MGSmsILuZ8d.jpg","Sheriff Hassan",7,"https://www.themoviedb.org/t/p/w600_and_h600_bestv2/9wTBpyPhyDRUfgR1MGSmsILuZ8d.jpg"
97400,2094532,"Rahul Abburi",2.215,"/siREdjwRcQlulFeGDzNZMSZiGv7.jpg","Ali Hassan",7,"https://www.themoviedb.org/t/p/w600_and_h600_bestv2/siREdjwRcQlulFeGDzNZMSZiGv7.jpg"
97400,2982416,"Igby Rigney",7.194,"/ipORw3NYWHNntGr8TdhUvdezM4S.jpg","Warren Flynn",7,"https://www.themoviedb.org/t/p/w600_and_h600_bestv2/ipORw3NYWHNntGr8TdhUvdezM4S.jpg"
97400,3217856,"Annarah Cymone",2.513,"/3Fxqmrz4knybEUB66hd0VzgB5Av.jpg","Leeza Scarborough",7,"https://www.themoviedb.org/t/p/w600_and_h600_bestv2/3Fxqmrz4knybEUB66hd0VzgB5Av.jpg"
109958,9976,"Henry Thomas",12.475,"/l5OZ4qrrRGnEPeNhZ8PcL5vhwOI.jpg","Henry Wingrave",9,"https://www.themoviedb.org/t/p/w600_and_h600_bestv2/l5OZ4qrrRGnEPeNhZ8PcL5vhwOI.jpg"
109958,14595,"Duncan Fraser",5.048,"/ckiY9K7fwH5KRuTE3IM5kelwm0c.jpg","Older Henry,Father of the Bride",2,"https://www.themoviedb.org/t/p/w600_and_h600_bestv2/ckiY9K7fwH5KRuTE3IM5kelwm0c.jpg"
109958,17832,"Carla Gugino",93.492,"/7lSH5LOexOHwvt9lOTsLTbXdU1G.jpg","The Storyteller",9,"https://www.themoviedb.org/t/p/w600_and_h600_bestv2/7lSH5LOexOHwvt9lOTsLTbXdU1G.jpg"
109958,20188,"Lynda Boyd",8.636,"/d8UTaWdy7ZHoTLtBNJi07RKnF14.jpg","Judy O'Mara",1,"https://www.themoviedb.org/t/p/w600_and_h600_bestv2/d8UTaWdy7ZHoTLtBNJi07RKnF14.jpg"
109958,51800,"Teryl Rothery",10.546,"/16rUSnTH56cKatjd6kjEYEfU4cA.jpg","Karen Clayton",1,"https://www.themoviedb.org/t/p/w600_and_h600_bestv2/16rUSnTH56cKatjd6kjEYEfU4cA.jpg"
109958,81918,"Greg Sestero",3.139,"/ySLUoDUVQB1IjgsaX9ktPaz58Rh.jpg","Fiancé",2,"https://www.themoviedb.org/t/p/w600_and_h600_bestv2/ySLUoDUVQB1IjgsaX9ktPaz58Rh.jpg"
109958,83974,"Susan Saint James",7.309,"/a11j7RDuaaT5sstL7qLjv5Cd148.jpg","Relative #2",1,"https://www.themoviedb.org/t/p/w600_and_h600_bestv2/a11j7RDuaaT5sstL7qLjv5Cd148.jpg"
109958,106950,"Ken Kramer",4.301,"/h28DLk7vM9dfMooj0cZkpIV3Gra.jpg","Dr. Moran",1,"https://www.themoviedb.org/t/p/w600_and_h600_bestv2/h28DLk7vM9dfMooj0cZkpIV3Gra.jpg"
109958,109325,"T'Nia Miller",59.235,"/cON15HfebAGCgPUDcM3s4PL9LX2.jpg","Hannah Grose",9,"https://www.themoviedb.org/t/p/w600_and_h600_bestv2/cON15HfebAGCgPUDcM3s4PL9LX2.jpg"
109958,116267,"Matthew Holness",1.677,"/1VhhLJ28akufSPZsTzGtZHbmjix.jpg","Dominic Wingrave",2,"https://www.themoviedb.org/t/p/w600_and_h600_bestv2/1VhhLJ28akufSPZsTzGtZHbmjix.jpg"
109958,120560,"Jim Piddock",2.805,"/kcEcWZVNkF1h9LQr5N60vViVZxu.jpg","Father Stack",1,"https://www.themoviedb.org/t/p/w600_and_h600_bestv2/kcEcWZVNkF1h9LQr5N60vViVZxu.jpg"
109958,202031,"Lizzy McInnerny",2.928,"/jPTB0ScZIsVHrQ9ik6ZDXXWtycw.jpg","Elspeth",1,"https://www.themoviedb.org/t/p/w600_and_h600_bestv2/jPTB0ScZIsVHrQ9ik6ZDXXWtycw.jpg"
109958,203294,"Jill Morrison",4.257,"/1Uezsm9dqRikCWPWXsYhEUkgAyQ.jpg","Guest #1",2,"https://www.themoviedb.org/t/p/w600_and_h600_bestv2/1Uezsm9dqRikCWPWXsYhEUkgAyQ.jpg"
109958,210454,"Alex Essoe",13.668,"/8J7iwekeItLdUWvePkZe3gu9Qrp.jpg","Charlotte Wingrave,Charlotte Wingrave (uncredited)",4,"https://www.themoviedb.org/t/p/w600_and_h600_bestv2/8J7iwekeItLdUWvePkZe3gu9Qrp.jpg"
109958,550550,"Tim Beckmann",1.733,"/4u9cCTDSsgoKeX9eRKTppYGPW6D.jpg","Plague Doctor",1,"https://www.themoviedb.org/t/p/w600_and_h600_bestv2/4u9cCTDSsgoKeX9eRKTppYGPW6D.jpg"
109958,551020,"Oliver Jackson-Cohen",12.192,"/wPlFmRs1sJI4RDkOeWR9u84MKEH.jpg","Peter Quint",9,"https://www.themoviedb.org/t/p/w600_and_h600_bestv2/wPlFmRs1sJI4RDkOeWR9u84MKEH.jpg"
109958,551462,"Katie Parker",81.879,"/m8gOp8W6mRBEZJPwVULlRXlBPGQ.jpg","Perdita Willoughby",2,"https://www.themoviedb.org/t/p/w600_and_h600_bestv2/m8gOp8W6mRBEZJPwVULlRXlBPGQ.jpg"
109958,591210,"Carolyn Adair",1.872,"/dffZ1aJIUuuEuilmtvTkoGvm95j.jpg","Family Wedding Guest",1,"https://www.themoviedb.org/t/p/w600_and_h600_bestv2/dffZ1aJIUuuEuilmtvTkoGvm95j.jpg"
109958,932076,"Kate Siegel",48.668,"/jJJGmVKvMFHMJEwyfiHgxXEFePO.jpg","Viola Lloyd",2,"https://www.themoviedb.org/t/p/w600_and_h600_bestv2/jJJGmVKvMFHMJEwyfiHgxXEFePO.jpg"
109958,1180166,"Pasha Ebrahimi",2.934,"/sFSMPVes4wDbeqgksaiRjTKFo7K.jpg","Constable",2,"https://www.themoviedb.org/t/p/w600_and_h600_bestv2/sFSMPVes4wDbeqgksaiRjTKFo7K.jpg"
109958,1196537,"Christie Burke",5.593,"/ltrTLKdYV8OdeYFKR6NPfRdYLli.jpg","Bride,Older Flora",2,"https://www.themoviedb.org/t/p/w600_and_h600_bestv2/ltrTLKdYV8OdeYFKR6NPfRdYLli.jpg"
109958,1216568,"Andrew Kavadas",1.938,"/kMPNolaRjFIyJKQpphOMj0FuQgz.jpg","Priest",1,"https://www.themoviedb.org/t/p/w600_and_h600_bestv2/kMPNolaRjFIyJKQpphOMj0FuQgz.jpg"
109958,1306566,"Dakota Guppy",2.361,NA,"Isabel (12 Years)",1,"https://www.themoviedb.org/t/p/w600_and_h600_bestv2NA"
109958,1366825,"Michael Charrois",0.6,NA,"Vicar",1,"https://www.themoviedb.org/t/p/w600_and_h600_bestv2NA"
109958,1388525,"Marc Anthony Williams",1.114,NA,"Cab Driver",1,"https://www.themoviedb.org/t/p/w600_and_h600_bestv2NA"
109958,1416505,"Rahul Kohli",7.651,"/9wTBpyPhyDRUfgR1MGSmsILuZ8d.jpg","Owen Sharma",9,"https://www.themoviedb.org/t/p/w600_and_h600_bestv2/9wTBpyPhyDRUfgR1MGSmsILuZ8d.jpg"
109958,1486234,"Martin McCreadie",1.741,"/8UHsAHNXXjuTIOJF8nenOMWspkn.jpg","Arthur Lloyd",1,"https://www.themoviedb.org/t/p/w600_and_h600_bestv2/8UHsAHNXXjuTIOJF8nenOMWspkn.jpg"
109958,1660997,"Bhavkhandan Singh Rakhra",0.985,"/btjSck0eHcxzZb8x1OmKMc6tzY3.jpg","Clothier (uncredited)",1,"https://www.themoviedb.org/t/p/w600_and_h600_bestv2/btjSck0eHcxzZb8x1OmKMc6tzY3.jpg"
109958,1674277,"Tahirah Sharif",4.886,"/pOuvO7m9jrTyc0yg40JSaYS99qe.jpg","Rebecca Jessel",9,"https://www.themoviedb.org/t/p/w600_and_h600_bestv2/pOuvO7m9jrTyc0yg40JSaYS99qe.jpg"
109958,1689478,"John Prowse",0.722,"/jXf2UN40fCsBNz7ysLKGKEIiLdQ.jpg","Headmaster",1,"https://www.themoviedb.org/t/p/w600_and_h600_bestv2/jXf2UN40fCsBNz7ysLKGKEIiLdQ.jpg"
109958,1705590,"Stefania Indelicato",1.171,"/fHRNBd0XMPRyAnVlJvMGrBJXSv6.jpg","Guest #2",2,"https://www.themoviedb.org/t/p/w600_and_h600_bestv2/fHRNBd0XMPRyAnVlJvMGrBJXSv6.jpg"
109958,1883929,"Andrew Neil McKenzie",0.692,"/7Cw6Pdw3cI8ezxB9Jp78HWPE251.jpg","Soldier Ghost (uncredited)",4,"https://www.themoviedb.org/t/p/w600_and_h600_bestv2/7Cw6Pdw3cI8ezxB9Jp78HWPE251.jpg"
109958,1891666,"Roz Murray",3.076,"/xkUPkh5DBVm4xlr56WCNqNIp8W3.jpg","Peter's Mother (uncredited),Relative #1",2,"https://www.themoviedb.org/t/p/w600_and_h600_bestv2/xkUPkh5DBVm4xlr56WCNqNIp8W3.jpg"
109958,1943252,"Natasha Quirke",1.426,"/feeyySPzxgWyWsKc3O7ssWYFGK.jpg","Bly Staff Member",1,"https://www.themoviedb.org/t/p/w600_and_h600_bestv2/feeyySPzxgWyWsKc3O7ssWYFGK.jpg"
109958,1967099,"Liza Cosier",1.4,"/peS96p4Hs0Bq6C57Sf5GaVhO0t6.jpg","Receptionist,Receptionist (uncredited)",3,"https://www.themoviedb.org/t/p/w600_and_h600_bestv2/peS96p4Hs0Bq6C57Sf5GaVhO0t6.jpg"
109958,1977158,"Mark Kandborg",0.6,NA,"Mr. Willoughby",1,"https://www.themoviedb.org/t/p/w600_and_h600_bestv2NA"
109958,2048719,"Thomas Nicholson",1.114,"/pU1mvfa5f8k3qXT2rS3Xzy4KH6n.jpg","Bride's Brother,Older Miles",2,"https://www.themoviedb.org/t/p/w600_and_h600_bestv2/pU1mvfa5f8k3qXT2rS3Xzy4KH6n.jpg"
109958,2092072,"Roby Attal",0.781,"/4C70CLcsS6LS0U8JSCJpNmXlESZ.jpg","Edmund",2,"https://www.themoviedb.org/t/p/w600_and_h600_bestv2/4C70CLcsS6LS0U8JSCJpNmXlESZ.jpg"
109958,2103397,"Arlo Hajdu",0.6,NA,"Student Overman",1,"https://www.themoviedb.org/t/p/w600_and_h600_bestv2NA"
109958,2117434,"Victoria Pedretti",22.473,"/dSrIMNn803L8fqqWjkCSRv4iOu1.jpg","Dani Clayton",9,"https://www.themoviedb.org/t/p/w600_and_h600_bestv2/dSrIMNn803L8fqqWjkCSRv4iOu1.jpg"
109958,2237835,"Fareed Abdelhak",0.6,"/qQPTQPHPxLIsJ1ZzrPMHAyrlth6.jpg","Guest #3",1,"https://www.themoviedb.org/t/p/w600_and_h600_bestv2/qQPTQPHPxLIsJ1ZzrPMHAyrlth6.jpg"
109958,2319675,"Liam Raymond Dib",0.6,"/Amv8ZlG6YRASOkd01axUYfNDOsC.jpg","Plague Doctor (Ghost) (uncredited)",1,"https://www.themoviedb.org/t/p/w600_and_h600_bestv2/Amv8ZlG6YRASOkd01axUYfNDOsC.jpg"
109958,2382044,"Benjamin Evan Ainsworth",1.4,"/qElUQYuKtV4oRmH5yTmg1Seh1Iq.jpg","Miles Wingrave",9,"https://www.themoviedb.org/t/p/w600_and_h600_bestv2/qElUQYuKtV4oRmH5yTmg1Seh1Iq.jpg"
109958,2423919,"Rhys Slack",0.6,"/ycSq7RRE2jqmp1Z7sXtC4Y4wFPV.jpg","Hooper",1,"https://www.themoviedb.org/t/p/w600_and_h600_bestv2/ycSq7RRE2jqmp1Z7sXtC4Y4wFPV.jpg"
109958,2423920,"Zoë Noelle Baker",1.2,"/hkgc9OQHPqUs5M11w2ij7S8CfUK.jpg","Isabel (5 years),Isabel (5-9yrs)",2,"https://www.themoviedb.org/t/p/w600_and_h600_bestv2/hkgc9OQHPqUs5M11w2ij7S8CfUK.jpg"
109958,2443548,"Calix Fraser",1.4,"/ddtaOOITYnRQatdxdjsaxnYHHzQ.jpg","Doll Face Ghost,Doll Face Ghost / Victorian Child (uncredited),Doll Face Ghost / Victorian Child",6,"https://www.themoviedb.org/t/p/w600_and_h600_bestv2/ddtaOOITYnRQatdxdjsaxnYHHzQ.jpg"
109958,2509658,"Alisha Ahamed",0.6,"/zBnenP9hJr8VTsv2KsIcHLpG9HW.jpg","Seamstress",1,"https://www.themoviedb.org/t/p/w600_and_h600_bestv2/zBnenP9hJr8VTsv2KsIcHLpG9HW.jpg"
109958,2510428,"Conor Wylie",0.6,"/roIwd1bHRXhaEeOvWRGGfLGQA6A.jpg","Edmund's Friend",1,"https://www.themoviedb.org/t/p/w600_and_h600_bestv2/roIwd1bHRXhaEeOvWRGGfLGQA6A.jpg"
109958,2769219,"Amelie Bea Smith",1.005,"/dddQ9MiYIaoVEbt3ZoDbx65Waza.jpg","Flora Wingrave",9,"https://www.themoviedb.org/t/p/w600_and_h600_bestv2/dddQ9MiYIaoVEbt3ZoDbx65Waza.jpg"
109958,2769222,"Amelia Eve",3.083,"/tae6mUhWxNs82IVgWlarxPKbVL8.jpg","Jamie",9,"https://www.themoviedb.org/t/p/w600_and_h600_bestv2/tae6mUhWxNs82IVgWlarxPKbVL8.jpg"
109958,2819200,"Makalo Roskams",0.6,NA,"Student Shepherd",1,"https://www.themoviedb.org/t/p/w600_and_h600_bestv2NA"
109958,2842817,"Kamal Khan",0.828,NA,"Older Owen,Family Friend",2,"https://www.themoviedb.org/t/p/w600_and_h600_bestv2NA"
109958,2842822,"Rasik Rana",0.6,NA,"Student Miller",1,"https://www.themoviedb.org/t/p/w600_and_h600_bestv2NA"
109958,2842823,"Atlee Smallman",0.723,"/pNjEIsNR73e7wt5eZ8WiXrHgaSa.jpg","Student Baxley (uncredited)",1,"https://www.themoviedb.org/t/p/w600_and_h600_bestv2/pNjEIsNR73e7wt5eZ8WiXrHgaSa.jpg"
109958,2843876,"Elizabeth Allhands",0.6,"/fCZbP07l8g4oX6MYDn39otUnLia.jpg","Young Dani",1,"https://www.themoviedb.org/t/p/w600_and_h600_bestv2/fCZbP07l8g4oX6MYDn39otUnLia.jpg"
109958,2843889,"Daxton Gujral",0.6,NA,"Young Edmund",1,"https://www.themoviedb.org/t/p/w600_and_h600_bestv2NA"
109958,2843955,"Alice Comer",1.466,NA,"Young Flora",1,"https://www.themoviedb.org/t/p/w600_and_h600_bestv2NA"
109958,2843957,"Kasen Kelly",0.6,NA,"Young Miles",1,"https://www.themoviedb.org/t/p/w600_and_h600_bestv2NA"
126254,5141,"Heather Langenkamp",8.774,"/eqsaCuWAKbWJORS84dqpXzmg8b0.jpg","Dr. Georgina Stanton",10,"https://www.themoviedb.org/t/p/w600_and_h600_bestv2/eqsaCuWAKbWJORS84dqpXzmg8b0.jpg"
126254,9976,"Henry Thomas",12.475,"/l5OZ4qrrRGnEPeNhZ8PcL5vhwOI.jpg","Freedom Jack",1,"https://www.themoviedb.org/t/p/w600_and_h600_bestv2/l5OZ4qrrRGnEPeNhZ8PcL5vhwOI.jpg"
126254,70303,"Zach Gilford",22.676,"/z7PA2poYtjl9KSy4S0IgW6d5Y9.jpg","Mark",10,"https://www.themoviedb.org/t/p/w600_and_h600_bestv2/z7PA2poYtjl9KSy4S0IgW6d5Y9.jpg"
126254,172888,"Patricia Drake",1.624,NA,"Cataract Woman",1,"https://www.themoviedb.org/t/p/w600_and_h600_bestv2NA"
126254,210454,"Alex Essoe",13.668,"/8J7iwekeItLdUWvePkZe3gu9Qrp.jpg","Poppy Corn",1,"https://www.themoviedb.org/t/p/w600_and_h600_bestv2/8J7iwekeItLdUWvePkZe3gu9Qrp.jpg"
126254,588335,"Matt Biedel",27.846,"/zqImcbbJZOICD1CyfOstFzRofYH.jpg","Tim",10,"https://www.themoviedb.org/t/p/w600_and_h600_bestv2/zqImcbbJZOICD1CyfOstFzRofYH.jpg"
126254,1275704,"Aya Furukawa",4.854,"/68SjqS6rUxXLjyxcij0327XTrzt.jpg","Natsuki",10,"https://www.themoviedb.org/t/p/w600_and_h600_bestv2/68SjqS6rUxXLjyxcij0327XTrzt.jpg"
126254,1294968,"Daniela Dib",1.467,NA,"Yoga Instructor",1,"https://www.themoviedb.org/t/p/w600_and_h600_bestv2NA"
126254,1331981,"Samantha Sloyan",17.007,"/prhRQ3npp7OwssXhxNUw0RTFjFw.jpg","Shasta",10,"https://www.themoviedb.org/t/p/w600_and_h600_bestv2/prhRQ3npp7OwssXhxNUw0RTFjFw.jpg"
126254,1416505,"Rahul Kohli",7.651,"/9wTBpyPhyDRUfgR1MGSmsILuZ8d.jpg","Vincent Beggs",1,"https://www.themoviedb.org/t/p/w600_and_h600_bestv2/9wTBpyPhyDRUfgR1MGSmsILuZ8d.jpg"
126254,1521892,"Amy Biedel",0.6,NA,"Doctor Rowlands",1,"https://www.themoviedb.org/t/p/w600_and_h600_bestv2NA"
126254,1532534,"Taylor Dianne Robinson",2.32,"/clwaW9beKLLMnYGfaysb2zf8ihK.jpg","Lauren",1,"https://www.themoviedb.org/t/p/w600_and_h600_bestv2/clwaW9beKLLMnYGfaysb2zf8ihK.jpg"
126254,1632530,"Iman Benson",3.934,"/9rcxSRoFG8wenhioplCgRlEnexe.jpg","Ilonka",10,"https://www.themoviedb.org/t/p/w600_and_h600_bestv2/9rcxSRoFG8wenhioplCgRlEnexe.jpg"
126254,1689478,"John Prowse",0.722,"/jXf2UN40fCsBNz7ysLKGKEIiLdQ.jpg","Julia's Doctor",1,"https://www.themoviedb.org/t/p/w600_and_h600_bestv2/jXf2UN40fCsBNz7ysLKGKEIiLdQ.jpg"
126254,1710334,"Daniel Diemer",5.163,"/4asBfBx0AuGY00YvlcciAuElw69.jpg","Rhett",3,"https://www.themoviedb.org/t/p/w600_and_h600_bestv2/4asBfBx0AuGY00YvlcciAuElw69.jpg"
126254,1783292,"Emilija Baranac",2.605,"/bofw9vHH3dkmfdy1vUNBdIlVu5w.jpg","Katherine",1,"https://www.themoviedb.org/t/p/w600_and_h600_bestv2/bofw9vHH3dkmfdy1vUNBdIlVu5w.jpg"
126254,2147639,"Parmiss Sehat",0.84,"/xUHPF4kA2Osr6eNYMmHu690VEL1.jpg","College Girl",1,"https://www.themoviedb.org/t/p/w600_and_h600_bestv2/xUHPF4kA2Osr6eNYMmHu690VEL1.jpg"
126254,2239229,"Kenneth Liu",1.22,"/yaH7gy40nDXQmsg9zKDc2JX6DEZ.jpg","Orderly",1,"https://www.themoviedb.org/t/p/w600_and_h600_bestv2/yaH7gy40nDXQmsg9zKDc2JX6DEZ.jpg"
126254,2388831,"Larsen Thompson",1.4,"/xZCPujHOieKHgKBSgPxtL8RvQUQ.jpg","Julia Jayne",1,"https://www.themoviedb.org/t/p/w600_and_h600_bestv2/xZCPujHOieKHgKBSgPxtL8RvQUQ.jpg"
126254,2982416,"Igby Rigney",7.194,"/ipORw3NYWHNntGr8TdhUvdezM4S.jpg","Kevin",10,"https://www.themoviedb.org/t/p/w600_and_h600_bestv2/ipORw3NYWHNntGr8TdhUvdezM4S.jpg"
126254,3087013,"Aidan Wright",0.6,NA,"Nathan",1,"https://www.themoviedb.org/t/p/w600_and_h600_bestv2NA"
126254,3205438,"Owen Chau",0.6,NA,"College Guy",1,"https://www.themoviedb.org/t/p/w600_and_h600_bestv2NA"
126254,3217856,"Annarah Cymone",2.513,"/3Fxqmrz4knybEUB66hd0VzgB5Av.jpg","Sandra",10,"https://www.themoviedb.org/t/p/w600_and_h600_bestv2/3Fxqmrz4knybEUB66hd0VzgB5Av.jpg"
126254,3295330,"Adia",0.6,"/o1fYZTDzw4ZE5Vk5Ugmic6IT4Se.jpg","Cheri",10,"https://www.themoviedb.org/t/p/w600_and_h600_bestv2/o1fYZTDzw4ZE5Vk5Ugmic6IT4Se.jpg"
126254,3295331,"Ruth Codd",21.811,"/3zB0MeiGSW48z83clf26Akwj7aB.jpg","Anya",10,"https://www.themoviedb.org/t/p/w600_and_h600_bestv2/3zB0MeiGSW48z83clf26Akwj7aB.jpg"
126254,3295333,"William Chris Sumpter",0.6,"/5SfNq8y51dGzqlLiDye8YPOpzgk.jpg","Spencer",10,"https://www.themoviedb.org/t/p/w600_and_h600_bestv2/5SfNq8y51dGzqlLiDye8YPOpzgk.jpg"
126254,3295334,"Sauriyan Sapkota",12.028,"/fMABv3JIr5oL3eonqmX7VzSsPRC.jpg","Amesh",10,"https://www.themoviedb.org/t/p/w600_and_h600_bestv2/fMABv3JIr5oL3eonqmX7VzSsPRC.jpg"
126254,3330370,"Drake Tobias",0.6,NA,"Brian",1,"https://www.themoviedb.org/t/p/w600_and_h600_bestv2NA"
126254,3832669,"Jenaya Ross",0.6,NA,"Hooded Figure",1,"https://www.themoviedb.org/t/p/w600_and_h600_bestv2NA"
126254,3832672,"Linda Washington",0.6,NA,"Elderly Grandma",1,"https://www.themoviedb.org/t/p/w600_and_h600_bestv2NA"
126254,3832673,"Virginia Penney",0.6,NA,"Sick Girl",1,"https://www.themoviedb.org/t/p/w600_and_h600_bestv2NA"
126254,3832675,"Gilles Nduwimana",0.6,NA,"Young Man",1,"https://www.themoviedb.org/t/p/w600_and_h600_bestv2NA"
157065,2,"Mark Hamill",30.564,"/2ZulC2Ccq1yv3pemusks6Zlfy2s.jpg","Arthur Pym",8,"https://www.themoviedb.org/t/p/w600_and_h600_bestv2/2ZulC2Ccq1yv3pemusks6Zlfy2s.jpg"
157065,1581,"Mary McDonnell",45.389,"/qqdaaFLEPXbB8thVJJkYJ4WoAuj.jpg","Madeline Usher",8,"https://www.themoviedb.org/t/p/w600_and_h600_bestv2/qqdaaFLEPXbB8thVJJkYJ4WoAuj.jpg"
157065,9976,"Henry Thomas",12.475,"/l5OZ4qrrRGnEPeNhZ8PcL5vhwOI.jpg","Frederick Usher",8,"https://www.themoviedb.org/t/p/w600_and_h600_bestv2/l5OZ4qrrRGnEPeNhZ8PcL5vhwOI.jpg"
157065,17832,"Carla Gugino",93.492,"/7lSH5LOexOHwvt9lOTsLTbXdU1G.jpg","Verna",8,"https://www.themoviedb.org/t/p/w600_and_h600_bestv2/7lSH5LOexOHwvt9lOTsLTbXdU1G.jpg"
157065,20380,"Paul Jarrett",1.76,"/cJHb7K1SJuE5R82px2eAyllYFFh.jpg","Doctor Donaldson",3,"https://www.themoviedb.org/t/p/w600_and_h600_bestv2/cJHb7K1SJuE5R82px2eAyllYFFh.jpg"
157065,21089,"Bruce Greenwood",50.199,"/rVpyddWneBBYYzYhMRmWoHMg3Hg.jpg","Roderick Usher",8,"https://www.themoviedb.org/t/p/w600_and_h600_bestv2/rVpyddWneBBYYzYhMRmWoHMg3Hg.jpg"
157065,29382,"Carl Lumbly",10.252,"/kJ6OPPGrWHZALsQcT8JZMQSiEbg.jpg","C. Auguste Dupin",8,"https://www.themoviedb.org/t/p/w600_and_h600_bestv2/kJ6OPPGrWHZALsQcT8JZMQSiEbg.jpg"
157065,42706,"Nicholas Lea",8.146,"/z9H2GArx5gU6iZBpiqSMJHE2VAQ.jpg","Judge John Neal",5,"https://www.themoviedb.org/t/p/w600_and_h600_bestv2/z9H2GArx5gU6iZBpiqSMJHE2VAQ.jpg"
157065,49425,"Annabeth Gish",13.144,"/wfUaE95xUJ3Kh5okDpUMZNmbcom.jpg","Eliza",2,"https://www.themoviedb.org/t/p/w600_and_h600_bestv2/wfUaE95xUJ3Kh5okDpUMZNmbcom.jpg"
157065,57997,"Malcolm Goodwin",6.321,"/h2AVP07OdXOsX3ERNwpsQuvrUEB.jpg","Young Dupin",4,"https://www.themoviedb.org/t/p/w600_and_h600_bestv2/h2AVP07OdXOsX3ERNwpsQuvrUEB.jpg"
157065,59183,"Sarah-Jane Redmond",4.351,"/qhJ0QsKnZslUOCGLur4NS91BXgM.jpg","Longfellow's Wife",2,"https://www.themoviedb.org/t/p/w600_and_h600_bestv2/qhJ0QsKnZslUOCGLur4NS91BXgM.jpg"
157065,70303,"Zach Gilford",22.676,"/z7PA2poYtjl9KSy4S0IgW6d5Y9.jpg","Young Roderick Usher",8,"https://www.themoviedb.org/t/p/w600_and_h600_bestv2/z7PA2poYtjl9KSy4S0IgW6d5Y9.jpg"
157065,79416,"Robert Longstreet",24.777,"/j9e2HBqicMM59lErK8pL94Jh59v.jpg","William Longfellow",2,"https://www.themoviedb.org/t/p/w600_and_h600_bestv2/j9e2HBqicMM59lErK8pL94Jh59v.jpg"
157065,83456,"Michael Trucco",15.638,"/qOA3cT2Gsmm9M6URoU4Ykynx2Oc.jpg","Rufus Griswold",8,"https://www.themoviedb.org/t/p/w600_and_h600_bestv2/qOA3cT2Gsmm9M6URoU4Ykynx2Oc.jpg"
157065,96349,"Molly C. Quinn",20.855,"/c3pWyH63Z7RHZkU3y3u6O8f07qf.jpg","Jenny",1,"https://www.themoviedb.org/t/p/w600_and_h600_bestv2/c3pWyH63Z7RHZkU3y3u6O8f07qf.jpg"
157065,106194,"Mark Redfield",1.106,"/xJbmWperugO8a7vCYmZR62hQl86.jpg","Preacher",4,"https://www.themoviedb.org/t/p/w600_and_h600_bestv2/xJbmWperugO8a7vCYmZR62hQl86.jpg"
157065,109325,"T'Nia Miller",59.235,"/cON15HfebAGCgPUDcM3s4PL9LX2.jpg","Victorine LaFourcade",8,"https://www.themoviedb.org/t/p/w600_and_h600_bestv2/cON15HfebAGCgPUDcM3s4PL9LX2.jpg"
157065,146294,"Vincent Gale",3.744,"/48TVmEf0ck1t5tiXcQjBUyJYWrt.jpg","Boss",1,"https://www.themoviedb.org/t/p/w600_and_h600_bestv2/48TVmEf0ck1t5tiXcQjBUyJYWrt.jpg"
157065,191262,"Alex Weed",2.297,"/9BmAzLOoqlo1qxahf76OqJEfoKT.jpg","EPA Attorney #2",1,"https://www.themoviedb.org/t/p/w600_and_h600_bestv2/9BmAzLOoqlo1qxahf76OqJEfoKT.jpg"
157065,206661,"Crystal Balint",13.83,"/d0PaNl5h9PNmRu5vxEdJgRHG7lW.jpg","Morella Usher",8,"https://www.themoviedb.org/t/p/w600_and_h600_bestv2/d0PaNl5h9PNmRu5vxEdJgRHG7lW.jpg"
157065,207236,"Kevin Miller",1.411,"/AonQbHhc1nYkzqhuGEL2MIv8Vfl.jpg","Fortunato Employee",1,"https://www.themoviedb.org/t/p/w600_and_h600_bestv2/AonQbHhc1nYkzqhuGEL2MIv8Vfl.jpg"
157065,210454,"Alex Essoe",13.668,"/8J7iwekeItLdUWvePkZe3gu9Qrp.jpg","Court Witness",1,"https://www.themoviedb.org/t/p/w600_and_h600_bestv2/8J7iwekeItLdUWvePkZe3gu9Qrp.jpg"
157065,544442,"Paola Nuñez",22.557,"/5k8tBBvoV43iK6u0k2YUSVXPmuK.jpg","Doctor Alessandra Ruiz",5,"https://www.themoviedb.org/t/p/w600_and_h600_bestv2/5k8tBBvoV43iK6u0k2YUSVXPmuK.jpg"
157065,551462,"Katie Parker",81.879,"/m8gOp8W6mRBEZJPwVULlRXlBPGQ.jpg","Annabel Lee",8,"https://www.themoviedb.org/t/p/w600_and_h600_bestv2/m8gOp8W6mRBEZJPwVULlRXlBPGQ.jpg"
157065,588335,"Matt Biedel",27.846,"/zqImcbbJZOICD1CyfOstFzRofYH.jpg","William 'Bill-T' Wilson",8,"https://www.themoviedb.org/t/p/w600_and_h600_bestv2/zqImcbbJZOICD1CyfOstFzRofYH.jpg"
157065,932076,"Kate Siegel",48.668,"/jJJGmVKvMFHMJEwyfiHgxXEFePO.jpg","Camille L'Espanaye",8,"https://www.themoviedb.org/t/p/w600_and_h600_bestv2/jJJGmVKvMFHMJEwyfiHgxXEFePO.jpg"
157065,939406,"Elan Gale",1.896,"/An6kvqA5gkQnNO9aOqxSiY4U54w.jpg","Contractor",1,"https://www.themoviedb.org/t/p/w600_and_h600_bestv2/An6kvqA5gkQnNO9aOqxSiY4U54w.jpg"
157065,1049442,"Niki Wipf",1.487,"/hRb1jw2rMCSyjKgkFEf9HBzJfHN.jpg","Party Goer",1,"https://www.themoviedb.org/t/p/w600_and_h600_bestv2/hRb1jw2rMCSyjKgkFEf9HBzJfHN.jpg"
157065,1193924,"Jason Bell",0.6,"/uu2DHtWZnlE7seX1AaeWKzMcLa9.jpg","Male Partier #2",1,"https://www.themoviedb.org/t/p/w600_and_h600_bestv2/uu2DHtWZnlE7seX1AaeWKzMcLa9.jpg"
157065,1252319,"Leo Chiang",1.147,"/tuMNenYBajmM4YHxzhvBnm7ZQ6V.jpg","Tamerlane's Bodyguard",1,"https://www.themoviedb.org/t/p/w600_and_h600_bestv2/tuMNenYBajmM4YHxzhvBnm7ZQ6V.jpg"
157065,1275224,"Janene Carleton",6.308,"/6UJHWZysnE52q4KQRRrZRv3kGZk.jpg","Female Partier #3",1,"https://www.themoviedb.org/t/p/w600_and_h600_bestv2/6UJHWZysnE52q4KQRRrZRv3kGZk.jpg"
157065,1275704,"Aya Furukawa",4.854,"/68SjqS6rUxXLjyxcij0327XTrzt.jpg","Tina",4,"https://www.themoviedb.org/t/p/w600_and_h600_bestv2/68SjqS6rUxXLjyxcij0327XTrzt.jpg"
157065,1318650,"Willa Fitzgerald",31.324,"/9BsLe9nGKMKvf0ftO2K1Xo7y2hZ.jpg","Young Madeline Usher",8,"https://www.themoviedb.org/t/p/w600_and_h600_bestv2/9BsLe9nGKMKvf0ftO2K1Xo7y2hZ.jpg"
157065,1331981,"Samantha Sloyan",17.007,"/prhRQ3npp7OwssXhxNUw0RTFjFw.jpg","Tamerlane Usher",8,"https://www.themoviedb.org/t/p/w600_and_h600_bestv2/prhRQ3npp7OwssXhxNUw0RTFjFw.jpg"
157065,1384575,"Toby Poser",5.567,"/nNIoExPi5DLehwJCWscNpG3Iuw0.jpg","District Attorney (1979)",1,"https://www.themoviedb.org/t/p/w600_and_h600_bestv2/nNIoExPi5DLehwJCWscNpG3Iuw0.jpg"
157065,1416505,"Rahul Kohli",7.651,"/9wTBpyPhyDRUfgR1MGSmsILuZ8d.jpg","Napoleon Usher",8,"https://www.themoviedb.org/t/p/w600_and_h600_bestv2/9wTBpyPhyDRUfgR1MGSmsILuZ8d.jpg"
157065,1422012,"Jason Tremblay",3.372,"/8epbY8S4qZQODHnn8i3NpUTrqOE.jpg","Dupin's Legal Aid",4,"https://www.themoviedb.org/t/p/w600_and_h600_bestv2/8epbY8S4qZQODHnn8i3NpUTrqOE.jpg"
157065,1457269,"Tracey Power",1.8,"/2p89H2TnY6RKL9VP2e7vqSOYOwG.jpg","EPA Attorney #1",1,"https://www.themoviedb.org/t/p/w600_and_h600_bestv2/2p89H2TnY6RKL9VP2e7vqSOYOwG.jpg"
157065,1476042,"Britney Katelyn Miller",2.836,"/xe4NAtXpxhTTaae5IpBiuz3hmJo.jpg","Young Woman at Leo's",2,"https://www.themoviedb.org/t/p/w600_and_h600_bestv2/xe4NAtXpxhTTaae5IpBiuz3hmJo.jpg"
157065,1529426,"Graham Verchere",11.006,"/hrbWtaERuDQsBQVArA3nJhPO8dC.jpg","Younger Roderick",2,"https://www.themoviedb.org/t/p/w600_and_h600_bestv2/hrbWtaERuDQsBQVArA3nJhPO8dC.jpg"
157065,1555119,"Baldeep Singh",1.337,"/o4d6MWfUopAYGFB7f40OC6Z1hXn.jpg","Detective",1,"https://www.themoviedb.org/t/p/w600_and_h600_bestv2/o4d6MWfUopAYGFB7f40OC6Z1hXn.jpg"
157065,1622600,"Jason Simpson",0.661,"/yTj2Vf55Kgc3J4l7MPnCbc5BSal.jpg","Vinnie",1,"https://www.themoviedb.org/t/p/w600_and_h600_bestv2/yTj2Vf55Kgc3J4l7MPnCbc5BSal.jpg"
157065,1872281,"Daniel Jun",13.094,"/xEuWQDSnIYUQRGH7mYjF3ckardG.jpg","Julius",5,"https://www.themoviedb.org/t/p/w600_and_h600_bestv2/xEuWQDSnIYUQRGH7mYjF3ckardG.jpg"
157065,1883866,"Lulu Wilson",17.747,"/fJGCTvZipct4Jp8rlMu8g5Wij2S.jpg","Younger Madeline",2,"https://www.themoviedb.org/t/p/w600_and_h600_bestv2/fJGCTvZipct4Jp8rlMu8g5Wij2S.jpg"
157065,1907264,"Jazmine Campanale",0.996,"/kbdPfzWvMAUFqYGn4jEWO8m4E2H.jpg","Madeline's Secretary",1,"https://www.themoviedb.org/t/p/w600_and_h600_bestv2/kbdPfzWvMAUFqYGn4jEWO8m4E2H.jpg"
157065,1937046,"Robbie Segulam",0.93,"/5O8KYiRS2PvE4OpiFC8HDVWVkkT.jpg","Cemetery Guard",1,"https://www.themoviedb.org/t/p/w600_and_h600_bestv2/5O8KYiRS2PvE4OpiFC8HDVWVkkT.jpg"
157065,1951921,"Chelsea Hamill",1.176,NA,"ICU Nurse",1,"https://www.themoviedb.org/t/p/w600_and_h600_bestv2NA"
157065,2059180,"JayR Tinaco",6.222,"/dhVbXL7EPrN1Wq3fnKowv40ymS5.jpg","Faraj",1,"https://www.themoviedb.org/t/p/w600_and_h600_bestv2/dhVbXL7EPrN1Wq3fnKowv40ymS5.jpg"
157065,2082834,"Irma Leong",0.613,NA,"Female Partier #2",1,"https://www.themoviedb.org/t/p/w600_and_h600_bestv2NA"
157065,2118623,"Kyliegh Curran",8.032,"/tAknuLh6AI10uvp7CIfRAbvFszy.jpg","Lenore",8,"https://www.themoviedb.org/t/p/w600_and_h600_bestv2/tAknuLh6AI10uvp7CIfRAbvFszy.jpg"
157065,2290785,"Elyse Maloway",1.593,"/oREWBuun5XvNkn0E1s01B82tyyY.jpg","Escort",1,"https://www.themoviedb.org/t/p/w600_and_h600_bestv2/oREWBuun5XvNkn0E1s01B82tyyY.jpg"
157065,2431547,"Kyle Mitchell",0.6,NA,"Police Sergeant",1,"https://www.themoviedb.org/t/p/w600_and_h600_bestv2NA"
157065,2438168,"Kelly McCabe",0.8,"/kX1YZ3kbTlNOWb7YCyDf2skkc0n.jpg","Security Guard",1,"https://www.themoviedb.org/t/p/w600_and_h600_bestv2/kX1YZ3kbTlNOWb7YCyDf2skkc0n.jpg"
157065,2505011,"Logan Tarasoff",0.6,"/j72xBHZRRFY26wY7PmhicJpiF8k.jpg","Victorine's Bodyguard",1,"https://www.themoviedb.org/t/p/w600_and_h600_bestv2/j72xBHZRRFY26wY7PmhicJpiF8k.jpg"
157065,2577900,"Daylin Willis",0.8,"/5qTB0M4lNS9Qu36eSncP2DFVIEe.jpg","Photographer",1,"https://www.themoviedb.org/t/p/w600_and_h600_bestv2/5qTB0M4lNS9Qu36eSncP2DFVIEe.jpg"
157065,2641559,"Ambika Vas",0.735,"/gFjJOsxrxBXfxexgBNhTKNZ0Dn8.jpg","News Field Reporter",1,"https://www.themoviedb.org/t/p/w600_and_h600_bestv2/gFjJOsxrxBXfxexgBNhTKNZ0Dn8.jpg"
157065,2669656,"Sabrina Miniaci",1.11,"/nBK3TObUkCKbzAzAAHYYwbmSdmA.jpg","Young Woman (1979)",1,"https://www.themoviedb.org/t/p/w600_and_h600_bestv2/nBK3TObUkCKbzAzAAHYYwbmSdmA.jpg"
157065,2675250,"Ryan Mah",1.245,"/28pyjtzP3uEUTiTBLMNZu9qBWLu.jpg","ICU Doctor",1,"https://www.themoviedb.org/t/p/w600_and_h600_bestv2/28pyjtzP3uEUTiTBLMNZu9qBWLu.jpg"
157065,2802849,"Ruth Bidner",0.98,"/iOgKzo4jkp4hKtBQ1phlJPg1ePv.jpg","Lab Assistant #2",1,"https://www.themoviedb.org/t/p/w600_and_h600_bestv2/iOgKzo4jkp4hKtBQ1phlJPg1ePv.jpg"
157065,2982416,"Igby Rigney",7.194,"/ipORw3NYWHNntGr8TdhUvdezM4S.jpg","Toby",4,"https://www.themoviedb.org/t/p/w600_and_h600_bestv2/ipORw3NYWHNntGr8TdhUvdezM4S.jpg"
157065,3156647,"Dave Santana",0.828,NA,"Detective",1,"https://www.themoviedb.org/t/p/w600_and_h600_bestv2NA"
157065,3287129,"Ali Karr",0.6,NA,"Bar Patron",1,"https://www.themoviedb.org/t/p/w600_and_h600_bestv2NA"
157065,3295331,"Ruth Codd",21.811,"/3zB0MeiGSW48z83clf26Akwj7aB.jpg","Juno Usher",8,"https://www.themoviedb.org/t/p/w600_and_h600_bestv2/3zB0MeiGSW48z83clf26Akwj7aB.jpg"
157065,3295334,"Sauriyan Sapkota",12.028,"/fMABv3JIr5oL3eonqmX7VzSsPRC.jpg","Prospero 'Perry' Usher",8,"https://www.themoviedb.org/t/p/w600_and_h600_bestv2/fMABv3JIr5oL3eonqmX7VzSsPRC.jpg"
157065,3299059,"Marco Walker-Ng",0.6,NA,"Sick Paramedic",1,"https://www.themoviedb.org/t/p/w600_and_h600_bestv2NA"
157065,3402650,"Thomas Strumpski",0.917,NA,"Frederick's Bodyguard",1,"https://www.themoviedb.org/t/p/w600_and_h600_bestv2NA"
157065,3470202,"Jennifer Clarke",0.6,NA,"Female Partier #1",1,"https://www.themoviedb.org/t/p/w600_and_h600_bestv2NA"
157065,3810638,"Kate Whiddington",0.6,NA,"Tiny Madeline",2,"https://www.themoviedb.org/t/p/w600_and_h600_bestv2NA"
157065,3989095,"Ava Johnson",0.6,NA,"US Marshall",1,"https://www.themoviedb.org/t/p/w600_and_h600_bestv2NA"
157065,4123579,"Milena Brewster",0.6,NA,"Half Naked Woman",1,"https://www.themoviedb.org/t/p/w600_and_h600_bestv2NA"
157065,4123580,"Jimmy Clarke",0.605,NA,"Male Partier #1",1,"https://www.themoviedb.org/t/p/w600_and_h600_bestv2NA"
157065,4277648,"Dustin Pederson",0.6,NA,"Male Partier #3",1,"https://www.themoviedb.org/t/p/w600_and_h600_bestv2NA"
157065,4317116,"Lincoln Russo",0.6,NA,"Tiny Roderick",2,"https://www.themoviedb.org/t/p/w600_and_h600_bestv2NA"
157065,4317118,"Gus Tayari",0.694,NA,"Butler",2,"https://www.themoviedb.org/t/p/w600_and_h600_bestv2NA"
157065,4317843,"William Kosovic",0.6,NA,"Tiny Frederick",3,"https://www.themoviedb.org/t/p/w600_and_h600_bestv2NA"
157065,4317849,"Felicity Anne",0.84,NA,"Secretary",2,"https://www.themoviedb.org/t/p/w600_and_h600_bestv2NA"
157065,4317852,"Jaiden Lanji-Brown",0.6,NA,"Nude Male Partier",1,"https://www.themoviedb.org/t/p/w600_and_h600_bestv2NA"
157065,4317853,"Fox Brewster",0.6,NA,"Half Naked Hipster",1,"https://www.themoviedb.org/t/p/w600_and_h600_bestv2NA"
157065,4317855,"Jason Cecchini",0.6,NA,"Bartender",1,"https://www.themoviedb.org/t/p/w600_and_h600_bestv2NA"
157065,4318437,"Ian Ronning",0.6,NA,"Fox News Reporter",1,"https://www.themoviedb.org/t/p/w600_and_h600_bestv2NA"
157065,4318439,"Jaren J. Moore",0.6,NA,"Lab Assistant #1",1,"https://www.themoviedb.org/t/p/w600_and_h600_bestv2NA"
157065,4318443,"Aaron McCallum",0.98,NA,"Officer",1,"https://www.themoviedb.org/t/p/w600_and_h600_bestv2NA"
157065,4318687,"Monique Durian",0.6,NA,"Fortunato Lawyer",1,"https://www.themoviedb.org/t/p/w600_and_h600_bestv2NA"
157065,4318688,"Bill Lawrie",0.6,NA,"Court Reporter (1979)",1,"https://www.themoviedb.org/t/p/w600_and_h600_bestv2NA"
157065,4318692,"Eileen Cruz",0.694,NA,"Lawyer",1,"https://www.themoviedb.org/t/p/w600_and_h600_bestv2NA"
